{"map":[[{"x":376,"y":175.5,"name":"point"},[{"x":296,"y":250.5,"name":"point"}]],[{"x":296,"y":250.5,"name":"point"},[{"x":376,"y":175.5,"name":"point"}]],[{"x":376,"y":175.50000000000003,"name":"point"},[{"x":376,"y":175.5,"name":"point"}]],[{"x":376,"y":175.5,"name":"point"},[{"x":376,"y":175.50000000000003,"name":"point"}]],[{"x":300.7787857641312,"y":246.01988834612706,"name":"point"},[{"x":376,"y":175.50000000000003,"name":"point"}]],[{"x":376,"y":175.50000000000003,"name":"point"},[{"x":300.7787857641312,"y":246.01988834612706,"name":"point"}]],[{"x":436,"y":241.5,"name":"point"},[{"x":376,"y":175.5,"name":"point"}]],[{"x":376,"y":175.5,"name":"point"},[{"x":436,"y":241.5,"name":"point"}]],[{"x":376,"y":175.50000000000003,"name":"point"},[{"x":436,"y":241.5,"name":"point"}]],[{"x":436,"y":241.5,"name":"point"},[{"x":376,"y":175.50000000000003,"name":"point"}]],[{"x":402.07142857142856,"y":204.17857142857147,"name":"point"},[{"x":376,"y":175.50000000000003,"name":"point"}]],[{"x":376,"y":175.50000000000003,"name":"point"},[{"x":402.07142857142856,"y":204.17857142857147,"name":"point"}]],[{"x":360,"y":248.5,"name":"point"},[{"x":436,"y":241.5,"name":"point"}]],[{"x":436,"y":241.5,"name":"point"},[{"x":360,"y":248.5,"name":"point"}]],[{"x":390.75792469918497,"y":245.66703325139085,"name":"point"},[{"x":360,"y":248.5,"name":"point"}]],[{"x":360,"y":248.5,"name":"point"},[{"x":390.75792469918497,"y":245.66703325139085,"name":"point"}]],[{"x":354,"y":317.5,"name":"point"},[{"x":360,"y":248.5,"name":"point"}]],[{"x":360,"y":248.5,"name":"point"},[{"x":354,"y":317.5,"name":"point"}]],[{"x":428,"y":316.5,"name":"point"},[{"x":354,"y":317.5,"name":"point"}]],[{"x":354,"y":317.5,"name":"point"},[{"x":428,"y":316.5,"name":"point"}]],[{"x":354,"y":317.5,"name":"point"},[{"x":428,"y":316.5,"name":"point"}]],[{"x":428,"y":316.5,"name":"point"},[{"x":354,"y":317.5,"name":"point"}]],[{"x":377,"y":219.5,"name":"point"},[{"x":428,"y":316.5,"name":"point"}]],[{"x":428,"y":316.5,"name":"point"},[{"x":377,"y":219.5,"name":"point"}]],[{"x":390.75792469918497,"y":245.66703325139085,"name":"point"},[{"x":377,"y":219.5,"name":"point"}]],[{"x":377,"y":219.5,"name":"point"},[{"x":390.75792469918497,"y":245.66703325139085,"name":"point"}]],[{"x":449,"y":175.5,"name":"point"},[{"x":377,"y":219.5,"name":"point"}]],[{"x":377,"y":219.5,"name":"point"},[{"x":449,"y":175.5,"name":"point"}]],[{"x":402.07142857142856,"y":204.17857142857147,"name":"point"},[{"x":449,"y":175.5,"name":"point"}]],[{"x":449,"y":175.5,"name":"point"},[{"x":402.07142857142856,"y":204.17857142857147,"name":"point"}]],[{"x":365,"y":46.5,"name":"point"},[{"x":449,"y":175.5,"name":"point"}]],[{"x":449,"y":175.5,"name":"point"},[{"x":365,"y":46.5,"name":"point"}]],[{"x":230,"y":177.5,"name":"point"},[{"x":365,"y":46.5,"name":"point"}]],[{"x":365,"y":46.5,"name":"point"},[{"x":230,"y":177.5,"name":"point"}]],[{"x":262.38789237668163,"y":146.07174887892378,"name":"point"},[{"x":230,"y":177.5,"name":"point"}]],[{"x":230,"y":177.5,"name":"point"},[{"x":262.38789237668163,"y":146.07174887892378,"name":"point"}]],[{"x":324,"y":268.5,"name":"point"},[{"x":230,"y":177.5,"name":"point"}]],[{"x":230,"y":177.5,"name":"point"},[{"x":324,"y":268.5,"name":"point"}]],[{"x":300.7787857641312,"y":246.01988834612706,"name":"point"},[{"x":324,"y":268.5,"name":"point"}]],[{"x":324,"y":268.5,"name":"point"},[{"x":300.7787857641312,"y":246.01988834612706,"name":"point"}]],[{"x":255.48095113666062,"y":202.16772929187354,"name":"point"},[{"x":300.7787857641312,"y":246.01988834612706,"name":"point"}]],[{"x":300.7787857641312,"y":246.01988834612706,"name":"point"},[{"x":255.48095113666062,"y":202.16772929187354,"name":"point"}]],[{"x":142,"y":258.5,"name":"point"},[{"x":324,"y":268.5,"name":"point"}]],[{"x":324,"y":268.5,"name":"point"},[{"x":142,"y":258.5,"name":"point"}]],[{"x":142.00000000000006,"y":258.5,"name":"point"},[{"x":142,"y":258.5,"name":"point"}]],[{"x":142,"y":258.5,"name":"point"},[{"x":142.00000000000006,"y":258.5,"name":"point"}]],[{"x":198.1294522664077,"y":261.58403583881363,"name":"point"},[{"x":142.00000000000006,"y":258.5,"name":"point"}]],[{"x":142.00000000000006,"y":258.5,"name":"point"},[{"x":198.1294522664077,"y":261.58403583881363,"name":"point"}]],[{"x":281,"y":189.5,"name":"point"},[{"x":142,"y":258.5,"name":"point"}]],[{"x":142,"y":258.5,"name":"point"},[{"x":281,"y":189.5,"name":"point"}]],[{"x":255.48095113666062,"y":202.16772929187354,"name":"point"},[{"x":281,"y":189.5,"name":"point"}]],[{"x":281,"y":189.5,"name":"point"},[{"x":255.48095113666062,"y":202.16772929187354,"name":"point"}]],[{"x":142.00000000000006,"y":258.5,"name":"point"},[{"x":255.48095113666062,"y":202.16772929187354,"name":"point"}]],[{"x":255.48095113666062,"y":202.16772929187354,"name":"point"},[{"x":142.00000000000006,"y":258.5,"name":"point"}]],[{"x":202.9917108857421,"y":228.22353920060283,"name":"point"},[{"x":142.00000000000006,"y":258.5,"name":"point"}]],[{"x":142.00000000000006,"y":258.5,"name":"point"},[{"x":202.9917108857421,"y":228.22353920060283,"name":"point"}]],[{"x":227,"y":63.5,"name":"point"},[{"x":281,"y":189.5,"name":"point"}]],[{"x":281,"y":189.5,"name":"point"},[{"x":227,"y":63.5,"name":"point"}]],[{"x":262.38789237668163,"y":146.07174887892378,"name":"point"},[{"x":227,"y":63.5,"name":"point"}]],[{"x":227,"y":63.5,"name":"point"},[{"x":262.38789237668163,"y":146.07174887892378,"name":"point"}]],[{"x":191,"y":310.5,"name":"point"},[{"x":227,"y":63.5,"name":"point"}]],[{"x":227,"y":63.5,"name":"point"},[{"x":191,"y":310.5,"name":"point"}]],[{"x":198.1294522664077,"y":261.58403583881363,"name":"point"},[{"x":191,"y":310.5,"name":"point"}]],[{"x":191,"y":310.5,"name":"point"},[{"x":198.1294522664077,"y":261.58403583881363,"name":"point"}]],[{"x":202.9917108857421,"y":228.22353920060283,"name":"point"},[{"x":198.1294522664077,"y":261.58403583881363,"name":"point"}]],[{"x":198.1294522664077,"y":261.58403583881363,"name":"point"},[{"x":202.9917108857421,"y":228.22353920060283,"name":"point"}]],[{"x":297,"y":314.5,"name":"point"},[{"x":191,"y":310.5,"name":"point"}]],[{"x":191,"y":310.5,"name":"point"},[{"x":297,"y":314.5,"name":"point"}]],[{"x":291,"y":386.5,"name":"point"},[{"x":297,"y":314.5,"name":"point"}]],[{"x":297,"y":314.5,"name":"point"},[{"x":291,"y":386.5,"name":"point"}]],[{"x":188,"y":381.5,"name":"point"},[{"x":291,"y":386.5,"name":"point"}]],[{"x":291,"y":386.5,"name":"point"},[{"x":188,"y":381.5,"name":"point"}]],[{"x":291,"y":386.5,"name":"point"},[{"x":188,"y":381.5,"name":"point"}]],[{"x":188,"y":381.5,"name":"point"},[{"x":291,"y":386.5,"name":"point"}]],[{"x":188,"y":381.5,"name":"point"},[{"x":291,"y":386.5,"name":"point"}]],[{"x":291,"y":386.5,"name":"point"},[{"x":188,"y":381.5,"name":"point"}]],[{"x":190,"y":309.5,"name":"point"},[{"x":188,"y":381.5,"name":"point"}]],[{"x":188,"y":381.5,"name":"point"},[{"x":190,"y":309.5,"name":"point"}]],[{"x":188,"y":381.5,"name":"point"},[{"x":190,"y":309.5,"name":"point"}]],[{"x":190,"y":309.5,"name":"point"},[{"x":188,"y":381.5,"name":"point"}]],[{"x":190,"y":309.5,"name":"point"},[{"x":188,"y":381.5,"name":"point"}]],[{"x":188,"y":381.5,"name":"point"},[{"x":190,"y":309.5,"name":"point"}]],[{"x":101,"y":316.5,"name":"point"},[{"x":190,"y":309.5,"name":"point"}]],[{"x":190,"y":309.5,"name":"point"},[{"x":101,"y":316.5,"name":"point"}]],[{"x":190,"y":309.5,"name":"point"},[{"x":101,"y":316.5,"name":"point"}]],[{"x":101,"y":316.5,"name":"point"},[{"x":190,"y":309.5,"name":"point"}]],[{"x":98,"y":388.5,"name":"point"},[{"x":101,"y":316.5,"name":"point"}]],[{"x":101,"y":316.5,"name":"point"},[{"x":98,"y":388.5,"name":"point"}]],[{"x":98.01227830832195,"y":388.20532060027296,"name":"point"},[{"x":98,"y":388.5,"name":"point"}]],[{"x":98,"y":388.5,"name":"point"},[{"x":98.01227830832195,"y":388.20532060027296,"name":"point"}]],[{"x":123,"y":466.5,"name":"point"},[{"x":98,"y":388.5,"name":"point"}]],[{"x":98,"y":388.5,"name":"point"},[{"x":123,"y":466.5,